prompt,response
hello,Hi there! How can I assist you today?
goodbye,Goodbye! Have a great day!
how are you,"I'm doing well, thank you! How about you?"
help,Sure! What would you like to know?
who are you,"I'm just a chatbot, but I'm here to assist!"
thank you,"Youâ€™re welcome! If you have any more questions, feel free to ask!"
need help,I'm happy to assist you! Just let me know what you need.
Question,Answer
hello,Hello! How can I help you today? ğŸ˜Š
how are you,I'm doing well
what is your name,I'm just a chatbot
bye,Goodbye! Have a great day! ğŸ‘‹
help,What can I do for you? ğŸ’â€â™‚ï¸
what do you do,I'm here to assist you with various questions and tasks.
thank you,Youâ€™re welcome! If you have any more questions
tell me more,That's interesting! Tell me more! ğŸ‘€
what can you help with,I can help with coding questions
good morning,Good morning! Hope you have a productive day! â˜€ï¸
good night,Good night! Sleep well! ğŸŒ™
what is the weather,I don't have access to live weather data
can you code,Yes! I can assist with coding questions and help you debug your code.
do you have emotions,I'm just a bot
what languages do you speak,I can understand and communicate in multiple languages
how old are you,I'm ageless since I'm a chatbot! But I continue learning every day!
what is AI,AI stands for Artificial Intelligence
tell me a joke,Why don't programmers like nature? It has too many bugs! ğŸ˜‚
who created you,I was created by developers using machine learning models and a lot of code!
what is your purpose,My purpose is to assist you with information
can you think,I don't 'think' like humans do
what is the meaning of life,42! Just kidding
do you like humans,Of course! I'm here to help and assist humans.
can you learn,I can learn from my interactions
how do you work,I process inputs using natural language understanding and provide relevant outputs.
what is natural language processing,NLP is a field of AI that enables machines to understand and generate human language.
